{
  "name": "Feared by villagers",
  "description": "Villagers are not your greatest fans, with them raising their trade prices. Iron Golem's are a bit more forceful with their distaste of you.",
  "type": "origins:action_over_time",
  "interval": 20,
  "entity_action": {
      "type": "origins:and",
      "actions": [
          {
              "type": "origins:execute_command",
              "command": "execute at @s as @e[type=minecraft:iron_golem,distance=..10] run data modify entity @s AngerTime set value 60",
              "permission_level": 4
          },
          {
              "type": "origins:execute_command",
              "command": "execute at @s as @e[type=minecraft:iron_golem,distance=..10] run data modify entity @s AngryAt set from entity @p UUID",
              "permission_level": 4
          },
          {
              "type": "origins:execute_command",
              "command": "execute at @s as @e[type=villager,distance=..7] run data merge entity @s {Gossips:[{Target:[I;1,1,1,1],Type:'major_negative',Value:110}]}",
              "permission_level": 4
          },
          {
              "type": "origins:execute_command",
              "command": "execute at @s as @e[type=villager,distance=..7] run data modify entity @s Gossips[{Target:[I;1,1,1,1]}].Target set from entity @p UUID",
              "permission_level": 4
          }
      ]
  }
}