{
  "name": "Feared by piglins",
  "description": "Piglins and Piglin Brutes are hostile on sight, regardless of wearing gold armor.",
  "type": "origins:action_over_time",
  "interval": 20,
  "entity_action": {
      "type": "origins:and",
      "actions": [
          {
              "type": "origins:execute_command",
              "command": "execute at @s as @e[type=minecraft:piglin,distance=..10] run data modify entity @s AngerTime set value 60",
              "permission_level": 4
          },
          {
              "type": "origins:execute_command",
              "command": "execute at @s as @e[type=minecraft:piglin,distance=..10] run data modify entity @s AngryAt set from entity @p UUID",
              "permission_level": 4
          },
          {
              "type": "origins:execute_command",
              "command": "execute at @s as @e[type=minecraft:piglin_brute,distance=..10] run data modify entity @s AngerTime set value 60",
              "permission_level": 4
          },
          {
              "type": "origins:execute_command",
              "command": "execute at @s as @e[type=minecraft:piglin_brute,distance=..10] run data modify entity @s AngryAt set from entity @p UUID",
              "permission_level": 4
          }
      ]
  }
}