{
  "name": "Big frame",
  "description": "You are bigger and more resistant that an average player.",
  "type": "origins:multiple",
  "scale": {
    "type": "origins:attribute",
    "modifier": {
      "id": "*:*",
      "attribute": "minecraft:generic.scale",
      "amount": 1,
      "operation": "add_value"
    }
  },
  "health": {
    "type": "origins:attribute",
    "modifier": {
      "id": "*:*",
      "attribute": "minecraft:generic.max_health",
      "amount": 10,
      "operation": "add_value"
    }
  },
  "fast": {
    "type": "origins:attribute",
    "modifier": {
      "id": "*:*",
      "attribute": "generic.movement_speed",
      "amount": 0.2,
      "operation": "add_multiplied_base"
    }
  },
  "step_height": {
    "type": "origins:attribute",
    "modifier": {
      "id": "*:*",
      "attribute": "minecraft:generic.step_height",
      "amount": 1,
      "operation": "add_multiplied_base"
    }
  },
  "jump": {
    "type": "origins:attribute",
    "modifier": {
      "id": "*:*",
      "attribute": "minecraft:generic.jump_strength",
      "amount": 0.20999999344,
      "operation": "add_value"
    }
  },
  "fall": {
    "type": "origins:attribute",
    "modifier": {
      "id": "*:*",
      "attribute": "minecraft:generic.safe_fall_distance",
      "amount": 1.5,
      "operation": "add_value"
    }
  },
  "reach": {
    "type": "origins:attribute",
    "modifiers": [
      {
        "id": "*:*",
        "attribute": "minecraft:player.block_interaction_range",
        "amount": 0.3,
        "operation": "add_multiplied_base"
      },
      {
        "id": "*:*",
        "attribute": "minecraft:player.entity_interaction_range",
        "amount": 0.3,
        "operation": "add_multiplied_base"
      }
    ]
  }
}