{
  "name": "Water weakness",
  "description": "You are weak and slow on water.",
  "type": "origins:stacking_status_effect",
  "min_stacks": 0,
  "max_stacks": 5,
  "duration_per_stack": 20,
  "effects": [
      {
          "id": "minecraft:weakness",
          "is_ambient": true,
          "show_particles": false,
          "show_icon": true
      },
      {
          "id": "minecraft:slowness",
          "is_ambient": true,
          "show_particles": false,
          "show_icon": true
      }
  ],
  "condition": {
      "type": "origins:or",
      "conditions": [
          {
              "type": "origins:fluid_height",
              "fluid": "minecraft:water",
              "comparison": ">",
              "compare_to": 0.0
          },
          {
              "type": "origins:in_rain"
          }
      ]
  }
}