{
  "name": "Small",
  "description": "You are smaller than the average player, making you have less reach.",
  "type": "origins:multiple",
  "scale": {
    "type": "origins:attribute",
    "modifier": {
      "id": "*:*",
      "attribute": "minecraft:generic.scale",
      "amount": -0.25,
      "operation": "add_value"
    }
  },
  "reach": {
    "type": "origins:attribute",
    "modifiers": [
      {
        "id": "*:*",
        "attribute": "minecraft:player.block_interaction_range",
        "amount": -0.2,
        "operation": "add_multiplied_base"
      },
      {
        "id": "*:*",
        "attribute": "minecraft:player.entity_interaction_range",
        "amount": -0.2,
        "operation": "add_multiplied_base"
      }
    ]
  }
}